{"0": [[120.0, 3.0], [120.531, 2.469], [120.0, 1.938], [119.469, 1.407], [119.469, 0.657], [119.469, -0.09299998], [118.719, -0.09299998], [118.719, -0.843], [118.719, -1.593], [118.188, -2.124], [118.188, -2.874], [117.657, -3.405], [116.907, -3.405], [116.376, -3.936]], "1": [[120.0, 3.0], [119.469, 2.469], [119.469, 1.719], [118.938, 1.188], [118.407, 0.657], [118.407, -0.09299998], [118.407, -0.843], [118.407, -1.593], [117.876, -2.124], [117.876, -2.874], [117.126, -2.874], [116.595, -3.405], [116.064, -3.936]]}