{
    "0": [
        [
            121.1832701215061,
            3.0
        ],
        [
            120.8554311712171,
            2.1666666666666665
        ],
        [
            120.52759222092811,
            1.3333333333333333
        ],
        [
            120.19975327063912,
            0.5
        ],
        [
            119.87191432035014,
            -0.3333333333333335
        ],
        [
            119.54407537006115,
            -1.166666666666667
        ],
        [
            119.21623641977216,
            -2.0
        ],
        [
            119.98922899177141,
            -2.8333333333333335
        ],
        [
            120.76222156377067,
            -3.666666666666667
        ],
        [
            121.53521413576992,
            -4.5
        ]
    ],
    "1": [
        [
            119.12767000773349,
            3.0
        ],
        [
            119.48400636726205,
            2.1666666666666665
        ],
        [
            119.84034272679062,
            1.3333333333333333
        ],
        [
            120.1966790863192,
            0.5
        ],
        [
            120.55301544584778,
            -0.3333333333333335
        ],
        [
            120.90935180537635,
            -1.166666666666667
        ],
        [
            121.26568816490492,
            -2.0
        ],
        [
            121.31548000101657,
            -2.8333333333333335
        ],
        [
            121.36527183712823,
            -3.666666666666667
        ],
        [
            121.41506367323989,
            -4.5
        ]
    ],
    "2": [
        [
            119.20398941486042,
            3.0
        ],
        [
            119.22049172979118,
            2.1666666666666665
        ],
        [
            119.23699404472194,
            1.3333333333333333
        ],
        [
            119.2534963596527,
            0.5
        ],
        [
            119.26999867458345,
            -0.3333333333333335
        ],
        [
            119.28650098951421,
            -1.166666666666667
        ],
        [
            119.30300330444497,
            -2.0
        ],
        [
            119.32872908753428,
            -2.8333333333333335
        ],
        [
            119.35445487062361,
            -3.666666666666667
        ],
        [
            119.38018065371293,
            -4.5
        ]
    ],
    "3": [
        [
            120.26301609119724,
            3.0
        ],
        [
            120.39291440502616,
            2.1666666666666665
        ],
        [
            120.52281271885508,
            1.3333333333333333
        ],
        [
            120.652711032684,
            0.5
        ],
        [
            120.78260934651291,
            -0.3333333333333335
        ],
        [
            120.91250766034183,
            -1.166666666666667
        ],
        [
            121.04240597417075,
            -2.0
        ],
        [
            121.02884453525196,
            -2.8333333333333335
        ],
        [
            121.01528309633319,
            -3.666666666666667
        ],
        [
            121.00172165741441,
            -4.5
        ]
    ],
    "4": [
        [
            121.42688513621711,
            3.0
        ],
        [
            121.32461794117361,
            2.1666666666666665
        ],
        [
            121.22235074613012,
            1.3333333333333333
        ],
        [
            121.12008355108662,
            0.5
        ],
        [
            121.01781635604314,
            -0.3333333333333335
        ],
        [
            120.91554916099965,
            -1.166666666666667
        ],
        [
            120.81328196595615,
            -2.0
        ],
        [
            120.18263293982798,
            -2.8333333333333335
        ],
        [
            119.5519839136998,
            -3.666666666666667
        ],
        [
            118.92133488757163,
            -4.5
        ]
    ],
    "5": [
        [
            118.11506557433232,
            3.0
        ],
        [
            118.2044280026532,
            2.1666666666666665
        ],
        [
            118.2937904309741,
            1.3333333333333333
        ],
        [
            118.383152859295,
            0.5
        ],
        [
            118.47251528761588,
            -0.3333333333333335
        ],
        [
            118.56187771593676,
            -1.166666666666667
        ],
        [
            118.65124014425766,
            -2.0
        ],
        [
            119.40037146015132,
            -2.8333333333333335
        ],
        [
            120.149502776045,
            -3.666666666666667
        ],
        [
            120.89863409193866,
            -4.5
        ]
    ],
    "6": [
        [
            118.44245682006685,
            3.0
        ],
        [
            118.97895867958718,
            2.1666666666666665
        ],
        [
            119.51546053910751,
            1.3333333333333333
        ],
        [
            120.05196239862784,
            0.5
        ],
        [
            120.58846425814815,
            -0.3333333333333335
        ],
        [
            121.12496611766848,
            -1.166666666666667
        ],
        [
            121.6614679771888,
            -2.0
        ],
        [
            120.98008022846646,
            -2.8333333333333335
        ],
        [
            120.2986924797441,
            -3.666666666666667
        ],
        [
            119.61730473102176,
            -4.5
        ]
    ],
    "7": [
        [
            119.65429258731079,
            3.0
        ],
        [
            119.94962636767939,
            2.1666666666666665
        ],
        [
            120.24496014804798,
            1.3333333333333333
        ],
        [
            120.54029392841657,
            0.5
        ],
        [
            120.83562770878517,
            -0.3333333333333335
        ],
        [
            121.13096148915376,
            -1.166666666666667
        ],
        [
            121.42629526952236,
            -2.0
        ],
        [
            121.03986580062428,
            -2.8333333333333335
        ],
        [
            120.65343633172621,
            -3.666666666666667
        ],
        [
            120.26700686282814,
            -4.5
        ]
    ],
    "8": [
        [
            120.23136346606057,
            3.0
        ],
        [
            120.11053907656907,
            2.1666666666666665
        ],
        [
            119.98971468707755,
            1.3333333333333333
        ],
        [
            119.86889029758605,
            0.5
        ],
        [
            119.74806590809455,
            -0.3333333333333335
        ],
        [
            119.62724151860303,
            -1.166666666666667
        ],
        [
            119.50641712911153,
            -2.0
        ],
        [
            120.18936102736502,
            -2.8333333333333335
        ],
        [
            120.87230492561854,
            -3.666666666666667
        ],
        [
            121.55524882387203,
            -4.5
        ]
    ],
    "9": [
        [
            119.50615524305108,
            3.0
        ],
        [
            119.69204053386072,
            2.1666666666666665
        ],
        [
            119.87792582467036,
            1.3333333333333333
        ],
        [
            120.06381111547998,
            0.5
        ],
        [
            120.24969640628962,
            -0.3333333333333335
        ],
        [
            120.43558169709925,
            -1.166666666666667
        ],
        [
            120.62146698790889,
            -2.0
        ],
        [
            120.25983329203802,
            -2.8333333333333335
        ],
        [
            119.89819959616715,
            -3.666666666666667
        ],
        [
            119.53656590029628,
            -4.5
        ]
    ]
}