{
    "0": [
        [
            120.0,
            2.99999952316
        ],
        [
            120.0,
            2.24999952316
        ],
        [
            120.0,
            2.24999952316
        ],
        [
            120.530990601,
            1.71899938583
        ],
        [
            120.530982971,
            0.968999385834
        ],
        [
            121.061981201,
            0.437999367714
        ],
        [
            121.061981201,
            -0.312000602484
        ],
        [
            121.592979431,
            -0.843000531197
        ],
        [
            121.592979431,
            -1.59300041199
        ],
        [
            121.592979431,
            -2.34300041199
        ],
        [
            121.592979431,
            -3.09300041199
        ],
        [
            121.592979431,
            -3.84300041199
        ]
    ],
    "1": [
        [
            120.0,
            3.0
        ],
        [
            120.0,
            2.25
        ],
        [
            120.0,
            1.5
        ],
        [
            120.530990601,
            0.96899998188
        ],
        [
            120.530982971,
            0.219000011683
        ],
        [
            120.530982971,
            -0.530999958515
        ],
        [
            121.061981201,
            -1.06199991703
        ],
        [
            121.592979431,
            -1.59299981594
        ],
        [
            121.592979431,
            -2.34299993515
        ],
        [
            121.592979431,
            -3.09299969673
        ],
        [
            121.592979431,
            -3.84299945831
        ]
    ],
    "2": [
        [
            120.0,
            3.0
        ],
        [
            120.530990601,
            2.46900010109
        ],
        [
            121.061988831,
            1.93799996376
        ],
        [
            121.061988831,
            1.18799996376
        ],
        [
            121.592987061,
            0.656999945641
        ],
        [
            122.123985291,
            0.125999942422
        ],
        [
            122.123985291,
            -0.624000012875
        ],
        [
            122.123985291,
            -1.37400007248
        ],
        [
            122.123985291,
            -2.12400007248
        ],
        [
            122.123985291,
            -2.87399983406
        ],
        [
            122.123985291,
            -3.62399983406
        ],
        [
            121.592987061,
            -4.15499973297
        ]
    ],
    "3": [
        [
            120.0,
            3.00000023842
        ],
        [
            120.0,
            2.25000023842
        ],
        [
            120.0,
            2.25000023842
        ],
        [
            120.530990601,
            1.7190002203
        ],
        [
            121.061988831,
            1.18800020218
        ],
        [
            120.530982971,
            0.657000184059
        ],
        [
            120.530982971,
            -0.0929998010397
        ],
        [
            119.999977112,
            -0.623999774456
        ],
        [
            119.999977112,
            -1.37399971485
        ],
        [
            119.999977112,
            -2.12399959564
        ],
        [
            119.999977112,
            -2.87399959564
        ],
        [
            119.468971252,
            -3.40499925613
        ],
        [
            119.999969482,
            -3.93599915504
        ],
        [
            120.530967712,
            -4.44375371933
        ],
        [
            121.061958313,
            -4.5
        ],
        [
            121.592956543,
            -4.5
        ],
        [
            121.592956543,
            -3.75
        ]
    ],
    "4": [
        [
            120.0,
            3.0
        ],
        [
            120.0,
            2.25
        ],
        [
            119.46900177,
            1.71899986267
        ],
        [
            119.46900177,
            0.968999862671
        ],
        [
            119.46900177,
            0.218999862671
        ],
        [
            120.0,
            -0.312000125647
        ],
        [
            120.0,
            -0.312000125647
        ],
        [
            120.530990601,
            -0.843000113964
        ],
        [
            119.999984741,
            -1.37400007248
        ],
        [
            119.999977112,
            -1.37400007248
        ],
        [
            120.530975342,
            -1.9050000906
        ],
        [
            121.061973572,
            -2.43600010872
        ],
        [
            121.592964172,
            -2.96700000763
        ],
        [
            122.123962402,
            -3.49799990654
        ],
        [
            122.123962402,
            -4.24800014496
        ]
    ],
    "5": [
        [
            120.0,
            3.00000023842
        ],
        [
            120.0,
            2.25000023842
        ],
        [
            120.0,
            2.25000023842
        ],
        [
            120.0,
            1.50000023842
        ],
        [
            120.0,
            0.750000238419
        ],
        [
            120.530990601,
            0.2190002352
        ],
        [
            119.999984741,
            -0.311999738216
        ],
        [
            119.999977112,
            -1.06199979782
        ],
        [
            119.999977112,
            -1.81199979782
        ],
        [
            119.999977112,
            -2.56199979782
        ],
        [
            120.530975342,
            -3.09299945831
        ],
        [
            121.061973572,
            -3.62399935722
        ],
        [
            121.592964172,
            -4.15499925613
        ]
    ],
    "6": [
        [
            120.0,
            3.0
        ],
        [
            120.0,
            2.25
        ],
        [
            120.530990601,
            1.71899986267
        ],
        [
            121.061988831,
            1.18799984455
        ],
        [
            121.592987061,
            0.656999826431
        ],
        [
            122.123985291,
            0.125999823213
        ],
        [
            122.654975891,
            -0.405000180006
        ],
        [
            122.123970032,
            -0.936000108719
        ],
        [
            122.123970032,
            -1.68599998951
        ],
        [
            122.123970032,
            -2.4359998703
        ],
        [
            122.123970032,
            -3.18599963188
        ],
        [
            122.123970032,
            -3.93599963188
        ]
    ],
    "7": [
        [
            120.0,
            3.0
        ],
        [
            120.530990601,
            2.46900010109
        ],
        [
            120.530982971,
            1.71900010109
        ],
        [
            121.061981201,
            1.18800008297
        ],
        [
            121.061981201,
            0.43800008297
        ],
        [
            121.592979431,
            -0.0929999127984
        ],
        [
            121.061981201,
            -0.623999893665
        ],
        [
            121.061981201,
            -0.623999893665
        ],
        [
            121.592979431,
            -1.15499985218
        ],
        [
            122.123970032,
            -1.6859998703
        ],
        [
            122.123970032,
            -2.4359998703
        ],
        [
            122.123970032,
            -3.18599963188
        ],
        [
            122.123970032,
            -3.93599963188
        ]
    ],