{
    "0": [
        [
            119.02049929735006,
            3.0
        ],
        [
            119.11357646648709,
            2.4444444444444446
        ],
        [
            119.20665363562411,
            1.8888888888888888
        ],
        [
            119.29973080476114,
            1.3333333333333333
        ],
        [
            119.39280797389816,
            0.7777777777777777
        ],
        [
            119.48588514303519,
            0.22222222222222232
        ],
        [
            119.57896231217221,
            -0.3333333333333335
        ],
        [
            119.67203948130924,
            -0.8888888888888893
        ],
        [
            119.76511665044626,
            -1.4444444444444446
        ],
        [
            119.85819381958329,
            -2.0
        ],
        [
            119.85819381958329,
            -2.0
        ],
        [
            120.03996137098704,
            -2.6666666666666665
        ],
        [
            120.22172892239081,
            -3.333333333333333
        ],
        [
            120.40349647379456,
            -4.0
        ]
    ],
    "1": [
        [
            120.70543419792736,
            3.0
        ],
        [
            120.60582482997178,
            2.4444444444444446
        ],
        [
            120.5062154620162,
            1.8888888888888888
        ],
        [
            120.40660609406062,
            1.3333333333333333
        ],
        [
            120.30699672610504,
            0.7777777777777777
        ],
        [
            120.20738735814946,
            0.22222222222222232
        ],
        [
            120.10777799019388,
            -0.3333333333333335
        ],
        [
            120.0081686222383,
            -0.8888888888888893
        ],
        [
            119.90855925428272,
            -1.4444444444444446
        ],
        [
            119.80894988632714,
            -2.0
        ],
        [
            119.80894988632714,
            -2.0
        ],
        [
            120.16920410962682,
            -2.6666666666666665
        ],
        [
            120.52945833292648,
            -3.333333333333333
        ],
        [
            120.88971255622616,
            -4.0
        ]
    ],
    "2": [
        [
            121.95533044338197,
            3.0
        ],
        [
            121.66622827648308,
            2.4444444444444446
        ],
        [
            121.3771261095842,
            1.8888888888888888
        ],
        [
            121.0880239426853,
            1.3333333333333333
        ],
        [
            120.79892177578641,
            0.7777777777777777
        ],
        [
            120.50981960888753,
            0.22222222222222232
        ],
        [
            120.22071744198864,
            -0.3333333333333335
        ],
        [
            119.93161527508974,
            -0.8888888888888893
        ],
        [
            119.64251310819085,
            -1.4444444444444446
        ],
        [
            119.35341094129197,
            -2.0
        ],
        [
            119.35341094129197,
            -2.0
        ],
        [
            119.38619514204366,
            -2.6666666666666665
        ],
        [
            119.41897934279535,
            -3.333333333333333
        ],
        [
            119.45176354354705,
            -4.0
        ]
    ],
    "3": [
        [
            118.84519142760529,
            3.0
        ],
        [
            118.84063001492413,
            2.4444444444444446
        ],
        [
            118.83606860224297,
            1.8888888888888888
        ],
        [
            118.83150718956183,
            1.3333333333333333
        ],
        [
            118.82694577688068,
            0.7777777777777777
        ],
        [
            118.82238436419952,
            0.22222222222222232
        ],
        [
            118.81782295151837,
            -0.3333333333333335
        ],
        [
            118.81326153883722,
            -0.8888888888888893
        ],
        [
            118.80870012615607,
            -1.4444444444444446
        ],
        [
            118.80413871347491,
            -2.0
        ],
        [
            118.80413871347491,
            -2.0
        ],
        [
            119.2938483362992,
            -2.6666666666666665
        ],
        [
            119.7835579591235,
            -3.333333333333333
        ],
        [
            120.27326758194779,
            -4.0
        ]
    ],
    "4": [
        [
            119.81064626903199,
            3.0
        ],
        [
            119.67493247478356,
            2.4444444444444446
        ],
        [
            119.53921868053513,
            1.8888888888888888
        ],
        [
            119.40350488628671,
            1.3333333333333333
        ],
        [
            119.26779109203828,
            0.7777777777777777
        ],
        [
            119.13207729778985,
            0.22222222222222232
        ],
        [
            118.99636350354142,
            -0.3333333333333335
        ],
        [
            118.860649709293,
            -0.8888888888888893
        ],
        [
            118.72493591504457,
            -1.4444444444444446
        ],
        [
            118.58922212079614,
            -2.0
        ],
        [
            118.58922212079614,
            -2.0
        ],
        [
            119.20351926684717,
            -2.6666666666666665
        ],
        [
            119.81781641289818,
            -3.333333333333333
        ],
        [
            120.43211355894921,
            -4.0
        ]
    ],
    "5": [
        [
            121.98420601403922,
            3.0
        ],
        [
            121.75992767914815,
            2.4444444444444446
        ],
        [
            121.53564934425708,
            1.8888888888888888
        ],
        [
            121.31137100936601,
            1.3333333333333333
        ],
        [
            121.08709267447495,
            0.7777777777777777
        ],
        [
            120.86281433958388,
            0.22222222222222232
        ],
        [
            120.63853600469281,
            -0.3333333333333335
        ],
        [
            120.41425766980174,
            -0.8888888888888893
        ],
        [
            120.18997933491067,
            -1.4444444444444446
        ],
        [
            119.9657010000196,
            -2.0
        ],
        [
            119.9657010000196,
            -2.0
        ],
        [
            119.95507654800458,
            -2.6666666666666665
        ],
        [
            119.94445209598955,
            -3.333333333333333
        ],
        [
            119.93382764397452,
            -4.0
        ]
    ],
    "6": [
        [
            118.21646555407402,
            3.0
        ],
        [
            118.2355748958179,
            2.4444444444444446
        ],
        [
            118.25468423756179,
            1.8888888888888888
        ],
        [
            118.27379357930567,
            1.3333333333333333
        ],
        [
            118.29290292104956,
            0.7777777777777777
        ],
        [
            118.31201226279343,
            0.22222222222222232
        ],
        [
            118.33112160453732,
            -0.3333333333333335
        ],
        [
            118.3502309462812,
            -0.8888888888888893
        ],
        [
            118.36934028802509,
            -1.4444444444444446
        ],
        [
            118.38844962976897,
            -2.0
        ],
        [
            118.38844962976897,
            -2.0
        ],
        [
            119.09305051860694,
            -2.6666666666666665
        ],
        [
            119.79765140744493,
            -3.333333333333333
        ],
        [
            120.5022522962829,
            -4.0
        ]
    ],