{
    "0": [
        [
            120.24678395164536,
            3.0
        ],
        [
            120.05789844370607,
            2.0
        ],
        [
            119.86901293576676,
            1.0
        ],
        [
            119.68012742782747,
            0.0
        ],
        [
            119.49124191988817,
            -1.0
        ],
        [
            119.30235641194888,
            -2.0
        ],
        [
            119.73722259097347,
            -3.0
        ],
        [
            120.17208876999807,
            -4.0
        ]
    ],
    "1": [
        [
            118.94505938994995,
            3.0
        ],
        [
            118.90471054791394,
            2.0
        ],
        [
            118.86436170587794,
            1.0
        ],
        [
            118.82401286384193,
            0.0
        ],
        [
            118.78366402180593,
            -1.0
        ],
        [
            118.74331517976992,
            -2.0
        ],
        [
            119.46469390313906,
            -3.0
        ],
        [
            120.1860726265082,
            -4.0
        ]
    ],
    "2": [
        [
            121.79487024970102,
            3.0
        ],
        [
            121.18223449046529,
            2.0
        ],
        [
            120.56959873122956,
            1.0
        ],
        [
            119.95696297199385,
            0.0
        ],
        [
            119.34432721275812,
            -1.0
        ],
        [
            118.73169145352239,
            -2.0
        ],
        [
            119.65479940457709,
            -3.0
        ],
        [
            120.57790735563181,
            -4.0
        ]
    ],
    "3": [
        [
            121.98467671966509,
            3.0
        ],
        [
            121.57281148936917,
            2.0
        ],
        [
            121.16094625907324,
            1.0
        ],
        [
            120.74908102877733,
            0.0
        ],
        [
            120.3372157984814,
            -1.0
        ],
        [
            119.92535056818548,
            -2.0
        ],
        [
            120.45521538851327,
            -3.0
        ],
        [
            120.98508020884105,
            -4.0
        ]
    ],
    "4": [
        [
            118.72630731766931,
            3.0
        ],
        [
            118.71410214426197,
            2.0
        ],
        [
            118.70189697085465,
            1.0
        ],
        [
            118.68969179744731,
            0.0
        ],
        [
            118.67748662403999,
            -1.0
        ],
        [
            118.66528145063265,
            -2.0
        ],
        [
            119.56401477531932,
            -3.0
        ],
        [
            120.46274810000601,
            -4.0
        ]
    ],
    "5": [
        [
            120.55909595327009,
            3.0
        ],
        [
            120.13979318352548,
            2.0
        ],
        [
            119.72049041378088,
            1.0
        ],
        [
            119.30118764403629,
            0.0
        ],
        [
            118.88188487429169,
            -1.0
        ],
        [
            118.46258210454708,
            -2.0
        ],
        [
            118.90103806673318,
            -3.0
        ],
        [
            119.33949402891928,
            -4.0
        ]
    ],
    "6": [
        [
            119.03935737489023,
            3.0
        ],
        [
            119.1551286629538,
            2.0
        ],
        [
            119.27089995101738,
            1.0
        ],
        [
            119.38667123908095,
            0.0
        ],
        [
            119.50244252714454,
            -1.0
        ],
        [
            119.61821381520811,
            -2.0
        ],
        [
            119.77698508163905,
            -3.0
        ],
        [
            119.93575634806999,
            -4.0
        ]
    ],
    "7": [
        [
            120.89043262009787,
            3.0
        ],
        [
            120.59406637122551,
            2.0
        ],
        [
            120.29770012235313,
            1.0
        ],
        [
            120.00133387348077,
            0.0
        ],
        [
            119.7049676246084,
            -1.0
        ],
        [
            119.40860137573604,
            -2.0
        ],
        [
            119.26746794720015,
            -3.0
        ],
        [
            119.12633451866424,
            -4.0
        ]
    ],
    "8": [
        [
            119.83988091442362,
            3.0
        ],
        [
            119.5014093673412,
            2.0
        ],
        [
            119.16293782025876,
            1.0
        ],
        [
            118.82446627317634,
            0.0
        ],
        [
            118.4859947260939,
            -1.0
        ],
        [
            118.14752317901149,
            -2.0
        ],
        [
            119.04266944077472,
            -3.0
        ],
        [
            119.93781570253793,
            -4.0
        ]
    ],
    "9": [
        [
            118.79786676651251,
            3.0
        ],
        [
            118.70997186982424,
            2.0
        ],
        [
            118.62207697313598,
            1.0
        ],
        [
            118.5341820764477,
            0.0
        ],
        [
            118.44628717975944,
            -1.0
        ],
        [
            118.35839228307117,
            -2.0
        ],
        [
            119.08860605735894,
            -3.0
        ],
        [
            119.81881983164672,
            -4.0
        ]
    ]
}