{
    "0": [
        [
            118.55420502827641,
            3.0
        ],
        [
            118.60810434794195,
            1.75
        ],
        [
            118.66200366760748,
            0.5
        ],
        [
            118.71590298727303,
            -0.75
        ],
        [
            118.76980230693856,
            -2.0
        ],
        [
            119.53498707791942,
            -3.0
        ],
        [
            120.30017184890028,
            -4.0
        ]
    ],
    "1": [
        [
            119.10204829488855,
            3.0
        ],
        [
            119.28696964631466,
            1.75
        ],
        [
            119.47189099774077,
            0.5
        ],
        [
            119.65681234916688,
            -0.75
        ],
        [
            119.841733700593,
            -2.0
        ],
        [
            119.5431504419321,
            -3.0
        ],
        [
            119.2445671832712,
            -4.0
        ]
    ]
}