{
    "0": [
        [
            119.27243773006603,
            3.0
        ],
        [
            119.57496249958675,
            2.4444444444444446
        ],
        [
            119.87748726910745,
            1.8888888888888888
        ],
        [
            120.18001203862816,
            1.3333333333333333
        ],
        [
            120.48253680814886,
            0.7777777777777777
        ],
        [
            120.78506157766958,
            0.22222222222222232
        ],
        [
            121.08758634719028,
            -0.3333333333333335
        ],
        [
            121.390111116711,
            -0.8888888888888893
        ],
        [
            121.6926358862317,
            -1.4444444444444446
        ],
        [
            121.99516065575241,
            -2.0
        ],
        [
            121.99516065575241,
            -2.0
        ],
        [
            120.74419509414133,
            -2.6666666666666665
        ],
        [
            119.49322953253024,
            -3.333333333333333
        ],
        [
            118.24226397091915,
            -4.0
        ]
    ],
    "1": [
        [
            120.79042078299693,
            3.0
        ],
        [
            120.76959107854529,
            2.4444444444444446
        ],
        [
            120.74876137409366,
            1.8888888888888888
        ],
        [
            120.72793166964202,
            1.3333333333333333
        ],
        [
            120.70710196519039,
            0.7777777777777777
        ],
        [
            120.68627226073875,
            0.22222222222222232
        ],
        [
            120.66544255628712,
            -0.3333333333333335
        ],
        [
            120.64461285183548,
            -0.8888888888888893
        ],
        [
            120.62378314738385,
            -1.4444444444444446
        ],
        [
            120.6029534429322,
            -2.0
        ],
        [
            120.6029534429322,
            -2.0
        ],
        [
            120.60844771679417,
            -2.6666666666666665
        ],
        [
            120.61394199065613,
            -3.333333333333333
        ],
        [
            120.6194362645181,
            -4.0
        ]
    ],
    "2": [
        [
            119.08023494453586,
            3.0
        ],
        [
            119.21153600414128,
            2.4444444444444446
        ],
        [
            119.3428370637467,
            1.8888888888888888
        ],
        [
            119.47413812335212,
            1.3333333333333333
        ],
        [
            119.60543918295754,
            0.7777777777777777
        ],
        [
            119.73674024256296,
            0.22222222222222232
        ],
        [
            119.86804130216838,
            -0.3333333333333335
        ],
        [
            119.9993423617738,
            -0.8888888888888893
        ],
        [
            120.13064342137922,
            -1.4444444444444446
        ],
        [
            120.26194448098464,
            -2.0
        ],
        [
            120.26194448098464,
            -2.0
        ],
        [
            120.64798369130988,
            -2.6666666666666665
        ],
        [
            121.03402290163511,
            -3.333333333333333
        ],
        [
            121.42006211196035,
            -4.0
        ]
    ],
    "3": [
        [
            119.50212285781316,
            3.0
        ],
        [
            119.40977329468565,
            2.4444444444444446
        ],
        [
            119.31742373155814,
            1.8888888888888888
        ],
        [
            119.22507416843064,
            1.3333333333333333
        ],
        [
            119.13272460530312,
            0.7777777777777777
        ],
        [
            119.04037504217561,
            0.22222222222222232
        ],
        [
            118.9480254790481,
            -0.3333333333333335
        ],
        [
            118.8556759159206,
            -0.8888888888888893
        ],
        [
            118.76332635279309,
            -1.4444444444444446
        ],
        [
            118.67097678966557,
            -2.0
        ],
        [
            118.67097678966557,
            -2.0
        ],
        [
            119.72037831808346,
            -2.6666666666666665
        ],
        [
            120.76977984650136,
            -3.333333333333333
        ],
        [
            121.81918137491925,
            -4.0
        ]
    ],
    "4": [
        [
            120.66841463711187,
            3.0
        ],
        [
            120.58655005607622,
            2.4444444444444446
        ],
        [
            120.50468547504057,
            1.8888888888888888
        ],
        [
            120.42282089400493,
            1.3333333333333333
        ],
        [
            120.34095631296928,
            0.7777777777777777
        ],
        [
            120.25909173193365,
            0.22222222222222232
        ],
        [
            120.177227150898,
            -0.3333333333333335
        ],
        [
            120.09536256986236,
            -0.8888888888888893
        ],
        [
            120.01349798882671,
            -1.4444444444444446
        ],
        [
            119.93163340779107,
            -2.0
        ],
        [
            119.93163340779107,
            -2.0
        ],
        [
            119.45248497023213,
            -2.6666666666666665
        ],
        [
            118.97333653267319,
            -3.333333333333333
        ],
        [
            118.49418809511425,
            -4.0
        ]
    ]
}