{
    "0": [
        [
            119.96914130909289,
            3.0
        ],
        [
            120.13223411013735,
            2.4444444444444446
        ],
        [
            120.29532691118182,
            1.8888888888888888
        ],
        [
            120.45841971222627,
            1.3333333333333333
        ],
        [
            120.62151251327073,
            0.7777777777777777
        ],
        [
            120.7846053143152,
            0.22222222222222232
        ],
        [
            120.94769811535966,
            -0.3333333333333335
        ],
        [
            121.11079091640411,
            -0.8888888888888893
        ],
        [
            121.27388371744858,
            -1.4444444444444446
        ],
        [
            121.43697651849304,
            -2.0
        ],
        [
            121.43697651849304,
            -2.0
        ],
        [
            121.59355048815797,
            -2.6666666666666665
        ],
        [
            121.75012445782292,
            -3.333333333333333
        ],
        [
            121.90669842748785,
            -4.0
        ]
    ],
    "1": [
        [
            121.0869300288301,
            3.0
        ],
        [
            120.76892429391437,
            2.4444444444444446
        ],
        [
            120.45091855899865,
            1.8888888888888888
        ],
        [
            120.13291282408292,
            1.3333333333333333
        ],
        [
            119.8149070891672,
            0.7777777777777777
        ],
        [
            119.49690135425148,
            0.22222222222222232
        ],
        [
            119.17889561933576,
            -0.3333333333333335
        ],
        [
            118.86088988442003,
            -0.8888888888888893
        ],
        [
            118.54288414950432,
            -1.4444444444444446
        ],
        [
            118.22487841458859,
            -2.0
        ],
        [
            118.22487841458859,
            -2.0
        ],
        [
            119.05062268656357,
            -2.6666666666666665
        ],
        [
            119.87636695853857,
            -3.333333333333333
        ],
        [
            120.70211123051355,
            -4.0
        ]
    ],
    "2": [
        [
            119.6807831797373,
            3.0
        ],
        [
            119.87268164026368,
            2.4444444444444446
        ],
        [
            120.06458010079007,
            1.8888888888888888
        ],
        [
            120.25647856131644,
            1.3333333333333333
        ],
        [
            120.44837702184283,
            0.7777777777777777
        ],
        [
            120.6402754823692,
            0.22222222222222232
        ],
        [
            120.8321739428956,
            -0.3333333333333335
        ],
        [
            121.02407240342197,
            -0.8888888888888893
        ],
        [
            121.21597086394836,
            -1.4444444444444446
        ],
        [
            121.40786932447473,
            -2.0
        ],
        [
            121.40786932447473,
            -2.0
        ],
        [
            120.28380793545712,
            -2.6666666666666665
        ],
        [
            119.1597465464395,
            -3.333333333333333
        ],
        [
            118.03568515742188,
            -4.0
        ]
    ],
    "3": [
        [
            118.93203824831404,
            3.0
        ],
        [
            119.21287577717646,
            2.4444444444444446
        ],
        [
            119.49371330603888,
            1.8888888888888888
        ],
        [
            119.7745508349013,
            1.3333333333333333
        ],
        [
            120.05538836376373,
            0.7777777777777777
        ],
        [
            120.33622589262613,
            0.22222222222222232
        ],
        [
            120.61706342148855,
            -0.3333333333333335
        ],
        [
            120.89790095035097,
            -0.8888888888888893
        ],
        [
            121.1787384792134,
            -1.4444444444444446
        ],
        [
            121.45957600807581,
            -2.0
        ],
        [
            121.45957600807581,
            -2.0
        ],
        [
            121.55393684276974,
            -2.6666666666666665
        ],
        [
            121.64829767746366,
            -3.333333333333333
        ],
        [
            121.74265851215759,
            -4.0
        ]
    ],
    "4": [
        [
            119.63480723417084,
            3.0
        ],
        [
            119.82916427307991,
            2.4444444444444446
        ],
        [
            120.02352131198899,
            1.8888888888888888
        ],
        [
            120.21787835089805,
            1.3333333333333333
        ],
        [
            120.41223538980712,
            0.7777777777777777
        ],
        [
            120.6065924287162,
            0.22222222222222232
        ],
        [
            120.80094946762527,
            -0.3333333333333335
        ],
        [
            120.99530650653433,
            -0.8888888888888893
        ],
        [
            121.18966354544341,
            -1.4444444444444446
        ],
        [
            121.38402058435248,
            -2.0
        ],
        [
            121.38402058435248,
            -2.0
        ],
        [
            121.44984029816403,
            -2.6666666666666665
        ],
        [
            121.5156600119756,
            -3.333333333333333
        ],
        [
            121.58147972578715,
            -4.0
        ]
    ],
    "5": [
        [
            119.59314691645007,
            3.0
        ],
        [
            119.78618407446803,
            2.4444444444444446
        ],
        [
            119.97922123248597,
            1.8888888888888888
        ],
        [
            120.17225839050393,
            1.3333333333333333
        ],
        [
            120.36529554852189,
            0.7777777777777777
        ],
        [
            120.55833270653983,
            0.22222222222222232
        ],
        [
            120.75136986455779,
            -0.3333333333333335
        ],
        [
            120.94440702257575,
            -0.8888888888888893
        ],
        [
            121.13744418059369,
            -1.4444444444444446
        ],
        [
            121.33048133861165,
            -2.0
        ],
        [
            121.33048133861165,
            -2.0
        ],
        [
            121.02461126049381,
            -2.6666666666666665
        ],
        [
            120.71874118237598,
            -3.333333333333333
        ],
        [
            120.41287110425814,
            -4.0
        ]
    ],
    "6": [
        [
            119.7164224511207,
            3.0
        ],
        [
            119.5488094700221,
            2.4444444444444446
        ],
        [
            119.38119648892349,
            1.8888888888888888
        ],
        [
            119.2135835078249,
            1.3333333333333333
        ],
        [
            119.0459705267263,
            0.7777777777777777
        ],
        [
            118.87835754562768,
            0.22222222222222232
        ],
        [
            118.71074456452908,
            -0.3333333333333335
        ],
        [
            118.54313158343048,
            -0.8888888888888893
        ],
        [
            118.37551860233187,
            -1.4444444444444446
        ],
        [
            118.20790562123327,
            -2.0
        ],
        [
            118.20790562123327,
            -2.0
        ],
        [
            118.81847566588402,
            -2.6666666666666665
        ],
        [
            119.42904571053477,
            -3.333333333333333
        ],
        [
            120.03961575518552,
            -4.0
        ]
    ],