{
    "0": [
        [
            118.40737699905299,
            3.0
        ],
        [
            118.49583049748486,
            2.4444444444444446
        ],
        [
            118.58428399591673,
            1.8888888888888888
        ],
        [
            118.67273749434861,
            1.3333333333333333
        ],
        [
            118.76119099278048,
            0.7777777777777777
        ],
        [
            118.84964449121236,
            0.22222222222222232
        ],
        [
            118.93809798964423,
            -0.3333333333333335
        ],
        [
            119.02655148807611,
            -0.8888888888888893
        ],
        [
            119.11500498650798,
            -1.4444444444444446
        ],
        [
            119.20345848493986,
            -2.0
        ],
        [
            119.20345848493986,
            -2.0
        ],
        [
            119.35339918016268,
            -2.6666666666666665
        ],
        [
            119.50333987538549,
            -3.333333333333333
        ],
        [
            119.65328057060832,
            -4.0
        ]
    ],
    "1": [
        [
            120.03415714253008,
            3.0
        ],
        [
            119.864496725388,
            2.4444444444444446
        ],
        [
            119.6948363082459,
            1.8888888888888888
        ],
        [
            119.52517589110381,
            1.3333333333333333
        ],
        [
            119.35551547396173,
            0.7777777777777777
        ],
        [
            119.18585505681963,
            0.22222222222222232
        ],
        [
            119.01619463967755,
            -0.3333333333333335
        ],
        [
            118.84653422253547,
            -0.8888888888888893
        ],
        [
            118.67687380539337,
            -1.4444444444444446
        ],
        [
            118.50721338825129,
            -2.0
        ],
        [
            118.50721338825129,
            -2.0
        ],
        [
            119.0600585195493,
            -2.6666666666666665
        ],
        [
            119.61290365084733,
            -3.333333333333333
        ],
        [
            120.16574878214534,
            -4.0
        ]
    ],
    "2": [
        [
            120.62403367131012,
            3.0
        ],
        [
            120.47482145886741,
            2.4444444444444446
        ],
        [
            120.32560924642472,
            1.8888888888888888
        ],
        [
            120.17639703398201,
            1.3333333333333333
        ],
        [
            120.02718482153932,
            0.7777777777777777
        ],
        [
            119.87797260909662,
            0.22222222222222232
        ],
        [
            119.72876039665393,
            -0.3333333333333335
        ],
        [
            119.57954818421122,
            -0.8888888888888893
        ],
        [
            119.43033597176853,
            -1.4444444444444446
        ],
        [
            119.28112375932582,
            -2.0
        ],
        [
            119.28112375932582,
            -2.0
        ],
        [
            119.9121395352998,
            -2.6666666666666665
        ],
        [
            120.54315531127376,
            -3.333333333333333
        ],
        [
            121.17417108724774,
            -4.0
        ]
    ],
    "3": [
        [
            121.33987125885572,
            3.0
        ],
        [
            121.13139807948284,
            2.4444444444444446
        ],
        [
            120.92292490010993,
            1.8888888888888888
        ],
        [
            120.71445172073705,
            1.3333333333333333
        ],
        [
            120.50597854136416,
            0.7777777777777777
        ],
        [
            120.29750536199126,
            0.22222222222222232
        ],
        [
            120.08903218261837,
            -0.3333333333333335
        ],
        [
            119.88055900324548,
            -0.8888888888888893
        ],
        [
            119.67208582387258,
            -1.4444444444444446
        ],
        [
            119.46361264449969,
            -2.0
        ],
        [
            119.46361264449969,
            -2.0
        ],
        [
            120.02962502609128,
            -2.6666666666666665
        ],
        [
            120.59563740768286,
            -3.333333333333333
        ],
        [
            121.16164978927445,
            -4.0
        ]
    ],
    "4": [
        [
            119.84763075215056,
            3.0
        ],
        [
            119.77722713258618,
            2.4444444444444446
        ],
        [
            119.7068235130218,
            1.8888888888888888
        ],
        [
            119.63641989345741,
            1.3333333333333333
        ],
        [
            119.56601627389304,
            0.7777777777777777
        ],
        [
            119.49561265432865,
            0.22222222222222232
        ],
        [
            119.42520903476428,
            -0.3333333333333335
        ],
        [
            119.35480541519989,
            -0.8888888888888893
        ],
        [
            119.28440179563552,
            -1.4444444444444446
        ],
        [
            119.21399817607113,
            -2.0
        ],
        [
            119.21399817607113,
            -2.0
        ],
        [
            118.82179967737223,
            -2.6666666666666665
        ],
        [
            118.42960117867334,
            -3.333333333333333
        ],
        [
            118.03740267997443,
            -4.0
        ]
    ],
    "5": [
        [
            121.5936402431453,
            3.0
        ],
        [
            121.23148198174592,
            2.4444444444444446
        ],
        [
            120.86932372034651,
            1.8888888888888888
        ],
        [
            120.50716545894713,
            1.3333333333333333
        ],
        [
            120.14500719754774,
            0.7777777777777777
        ],
        [
            119.78284893614834,
            0.22222222222222232
        ],
        [
            119.42069067474895,
            -0.3333333333333335
        ],
        [
            119.05853241334957,
            -0.8888888888888893
        ],
        [
            118.69637415195017,
            -1.4444444444444446
        ],
        [
            118.33421589055078,
            -2.0
        ],
        [
            118.33421589055078,
            -2.0
        ],
        [
            119.33875315329551,
            -2.6666666666666665
        ],
        [
            120.34329041604023,
            -3.333333333333333
        ],
        [
            121.34782767878497,
            -4.0
        ]
    ],
    "6": [
        [
            118.19722942034815,
            3.0
        ],
        [
            118.22660608731155,
            2.4444444444444446
        ],
        [
            118.25598275427495,
            1.8888888888888888
        ],
        [
            118.28535942123837,
            1.3333333333333333
        ],
        [
            118.31473608820177,
            0.7777777777777777
        ],
        [
            118.34411275516517,
            0.22222222222222232
        ],
        [
            118.37348942212857,
            -0.3333333333333335
        ],
        [
            118.40286608909199,
            -0.8888888888888893
        ],
        [
            118.43224275605539,
            -1.4444444444444446
        ],
        [
            118.46161942301879,
            -2.0
        ],
        [
            118.46161942301879,
            -2.0
        ],
        [
            118.94899596207291,
            -2.6666666666666665
        ],
        [
            119.43637250112702,
            -3.333333333333333
        ],
        [
            119.92374904018115,
            -4.0
        ]
    ],