{
    "0": [
        [
            119.8269148289392,
            3.0
        ],
        [
            119.8232471437189,
            2.4444444444444446
        ],
        [
            119.81957945849861,
            1.8888888888888888
        ],
        [
            119.81591177327832,
            1.3333333333333333
        ],
        [
            119.81224408805802,
            0.7777777777777777
        ],
        [
            119.80857640283773,
            0.22222222222222232
        ],
        [
            119.80490871761744,
            -0.3333333333333335
        ],
        [
            119.80124103239714,
            -0.8888888888888893
        ],
        [
            119.79757334717685,
            -1.4444444444444446
        ],
        [
            119.79390566195656,
            -2.0
        ],
        [
            119.79390566195656,
            -2.0
        ],
        [
            119.07390317018638,
            -2.6666666666666665
        ],
        [
            118.35390067841621,
            -3.333333333333333
        ],
        [
            117.63389818664604,
            -4.0
        ]
    ],
    "1": [
        [
            119.06057533848941,
            3.0
        ],
        [
            119.15191345670203,
            2.4444444444444446
        ],
        [
            119.24325157491464,
            1.8888888888888888
        ],
        [
            119.33458969312726,
            1.3333333333333333
        ],
        [
            119.42592781133988,
            0.7777777777777777
        ],
        [
            119.51726592955248,
            0.22222222222222232
        ],
        [
            119.6086040477651,
            -0.3333333333333335
        ],
        [
            119.69994216597772,
            -0.8888888888888893
        ],
        [
            119.79128028419032,
            -1.4444444444444446
        ],
        [
            119.88261840240294,
            -2.0
        ],
        [
            119.88261840240294,
            -2.0
        ],
        [
            119.65468953608881,
            -2.6666666666666665
        ],
        [
            119.4267606697747,
            -3.333333333333333
        ],
        [
            119.19883180346056,
            -4.0
        ]
    ],
    "2": [
        [
            118.61450500629027,
            3.0
        ],
        [
            118.755521112711,
            2.4444444444444446
        ],
        [
            118.8965372191317,
            1.8888888888888888
        ],
        [
            119.03755332555242,
            1.3333333333333333
        ],
        [
            119.17856943197313,
            0.7777777777777777
        ],
        [
            119.31958553839385,
            0.22222222222222232
        ],
        [
            119.46060164481456,
            -0.3333333333333335
        ],
        [
            119.60161775123528,
            -0.8888888888888893
        ],
        [
            119.74263385765599,
            -1.4444444444444446
        ],
        [
            119.88364996407671,
            -2.0
        ],
        [
            119.88364996407671,
            -2.0
        ],
        [
            119.85139101086388,
            -2.6666666666666665
        ],
        [
            119.81913205765103,
            -3.333333333333333
        ],
        [
            119.7868731044382,
            -4.0
        ]
    ],
    "3": [
        [
            121.006063230237,
            3.0
        ],
        [
            120.84447821502692,
            2.4444444444444446
        ],
        [
            120.68289319981685,
            1.8888888888888888
        ],
        [
            120.52130818460678,
            1.3333333333333333
        ],
        [
            120.3597231693967,
            0.7777777777777777
        ],
        [
            120.19813815418662,
            0.22222222222222232
        ],
        [
            120.03655313897654,
            -0.3333333333333335
        ],
        [
            119.87496812376648,
            -0.8888888888888893
        ],
        [
            119.7133831085564,
            -1.4444444444444446
        ],
        [
            119.55179809334632,
            -2.0
        ],
        [
            119.55179809334632,
            -2.0
        ],
        [
            118.97236580002235,
            -2.6666666666666665
        ],
        [
            118.39293350669837,
            -3.333333333333333
        ],
        [
            117.8135012133744,
            -4.0
        ]
    ],
    "4": [
        [
            120.34765130169521,
            3.0
        ],
        [
            120.2076801082886,
            2.4444444444444446
        ],
        [
            120.067708914882,
            1.8888888888888888
        ],
        [
            119.9277377214754,
            1.3333333333333333
        ],
        [
            119.78776652806879,
            0.7777777777777777
        ],
        [
            119.64779533466219,
            0.22222222222222232
        ],
        [
            119.50782414125558,
            -0.3333333333333335
        ],
        [
            119.36785294784897,
            -0.8888888888888893
        ],
        [
            119.22788175444238,
            -1.4444444444444446
        ],
        [
            119.08791056103577,
            -2.0
        ],
        [
            119.08791056103577,
            -2.0
        ],
        [
            119.08147342031972,
            -2.6666666666666665
        ],
        [
            119.0750362796037,
            -3.333333333333333
        ],
        [
            119.06859913888765,
            -4.0
        ]
    ],
    "5": [
        [
            119.7947157422331,
            3.0
        ],
        [
            119.7672729626778,
            2.4444444444444446
        ],
        [
            119.73983018312249,
            1.8888888888888888
        ],
        [
            119.71238740356719,
            1.3333333333333333
        ],
        [
            119.68494462401189,
            0.7777777777777777
        ],
        [
            119.6575018444566,
            0.22222222222222232
        ],
        [
            119.6300590649013,
            -0.3333333333333335
        ],
        [
            119.602616285346,
            -0.8888888888888893
        ],
        [
            119.5751735057907,
            -1.4444444444444446
        ],
        [
            119.5477307262354,
            -2.0
        ],
        [
            119.5477307262354,
            -2.0
        ],
        [
            119.58563870682887,
            -2.6666666666666665
        ],
        [
            119.62354668742236,
            -3.333333333333333
        ],
        [
            119.66145466801584,
            -4.0
        ]
    ],
    "6": [
        [
            118.04189613147001,
            3.0
        ],
        [
            118.15454960208821,
            2.4444444444444446
        ],
        [
            118.26720307270642,
            1.8888888888888888
        ],
        [
            118.37985654332462,
            1.3333333333333333
        ],
        [
            118.49251001394282,
            0.7777777777777777
        ],
        [
            118.60516348456103,
            0.22222222222222232
        ],
        [
            118.71781695517923,
            -0.3333333333333335
        ],
        [
            118.83047042579743,
            -0.8888888888888893
        ],
        [
            118.94312389641564,
            -1.4444444444444446
        ],
        [
            119.05577736703384,
            -2.0
        ],
        [
            119.05577736703384,
            -2.0
        ],
        [
            118.47843485193492,
            -2.6666666666666665
        ],
        [
            117.90109233683602,
            -3.333333333333333
        ],
        [
            117.3237498217371,
            -4.0
        ]
    ],