{
    "0": [
        [
            120.59320791314143,
            3.0
        ],
        [
            120.42084475868177,
            2.4444444444444446
        ],
        [
            120.24848160422209,
            1.8888888888888888
        ],
        [
            120.07611844976243,
            1.3333333333333333
        ],
        [
            119.90375529530276,
            0.7777777777777777
        ],
        [
            119.7313921408431,
            0.22222222222222232
        ],
        [
            119.55902898638342,
            -0.3333333333333335
        ],
        [
            119.38666583192376,
            -0.8888888888888893
        ],
        [
            119.21430267746409,
            -1.4444444444444446
        ],
        [
            119.04193952300443,
            -2.0
        ],
        [
            119.04193952300443,
            -2.0
        ],
        [
            119.06176743954325,
            -2.6666666666666665
        ],
        [
            119.08159535608205,
            -3.333333333333333
        ],
        [
            119.10142327262086,
            -4.0
        ]
    ],
    "1": [
        [
            120.12917887886839,
            3.0
        ],
        [
            120.07107249876317,
            2.4444444444444446
        ],
        [
            120.01296611865794,
            1.8888888888888888
        ],
        [
            119.95485973855273,
            1.3333333333333333
        ],
        [
            119.8967533584475,
            0.7777777777777777
        ],
        [
            119.83864697834228,
            0.22222222222222232
        ],
        [
            119.78054059823705,
            -0.3333333333333335
        ],
        [
            119.72243421813184,
            -0.8888888888888893
        ],
        [
            119.66432783802661,
            -1.4444444444444446
        ],
        [
            119.6062214579214,
            -2.0
        ],
        [
            119.6062214579214,
            -2.0
        ],
        [
            119.6699451808277,
            -2.6666666666666665
        ],
        [
            119.733668903734,
            -3.333333333333333
        ],
        [
            119.7973926266403,
            -4.0
        ]
    ],
    "2": [
        [
            119.04200495732844,
            3.0
        ],
        [
            119.03929730065069,
            2.4444444444444446
        ],
        [
            119.03658964397295,
            1.8888888888888888
        ],
        [
            119.03388198729519,
            1.3333333333333333
        ],
        [
            119.03117433061743,
            0.7777777777777777
        ],
        [
            119.02846667393969,
            0.22222222222222232
        ],
        [
            119.02575901726193,
            -0.3333333333333335
        ],
        [
            119.02305136058418,
            -0.8888888888888893
        ],
        [
            119.02034370390643,
            -1.4444444444444446
        ],
        [
            119.01763604722868,
            -2.0
        ],
        [
            119.01763604722868,
            -2.0
        ],
        [
            119.5147466563747,
            -2.6666666666666665
        ],
        [
            120.01185726552073,
            -3.333333333333333
        ],
        [
            120.50896787466675,
            -4.0
        ]
    ],
    "3": [
        [
            119.39119582944953,
            3.0
        ],
        [
            119.38283592020889,
            2.4444444444444446
        ],
        [
            119.37447601096825,
            1.8888888888888888
        ],
        [
            119.36611610172761,
            1.3333333333333333
        ],
        [
            119.35775619248697,
            0.7777777777777777
        ],
        [
            119.34939628324632,
            0.22222222222222232
        ],
        [
            119.34103637400568,
            -0.3333333333333335
        ],
        [
            119.33267646476504,
            -0.8888888888888893
        ],
        [
            119.3243165555244,
            -1.4444444444444446
        ],
        [
            119.31595664628377,
            -2.0
        ],
        [
            119.31595664628377,
            -2.0
        ],
        [
            119.55959503114919,
            -2.6666666666666665
        ],
        [
            119.80323341601459,
            -3.333333333333333
        ],
        [
            120.04687180088001,
            -4.0
        ]
    ],
    "4": [
        [
            119.0203586938078,
            3.0
        ],
        [
            119.06822598628793,
            2.4444444444444446
        ],
        [
            119.11609327876806,
            1.8888888888888888
        ],
        [
            119.16396057124818,
            1.3333333333333333
        ],
        [
            119.21182786372832,
            0.7777777777777777
        ],
        [
            119.25969515620845,
            0.22222222222222232
        ],
        [
            119.30756244868859,
            -0.3333333333333335
        ],
        [
            119.3554297411687,
            -0.8888888888888893
        ],
        [
            119.40329703364884,
            -1.4444444444444446
        ],
        [
            119.45116432612897,
            -2.0
        ],
        [
            119.45116432612897,
            -2.0
        ],
        [
            119.8555627130887,
            -2.6666666666666665
        ],
        [
            120.25996110004843,
            -3.333333333333333
        ],
        [
            120.66435948700816,
            -4.0
        ]
    ],
    "5": [
        [
            119.03332010721343,
            3.0
        ],
        [
            119.11022358030348,
            2.4444444444444446
        ],
        [
            119.18712705339354,
            1.8888888888888888
        ],
        [
            119.26403052648358,
            1.3333333333333333
        ],
        [
            119.34093399957364,
            0.7777777777777777
        ],
        [
            119.41783747266369,
            0.22222222222222232
        ],
        [
            119.49474094575375,
            -0.3333333333333335
        ],
        [
            119.57164441884379,
            -0.8888888888888893
        ],
        [
            119.64854789193384,
            -1.4444444444444446
        ],
        [
            119.7254513650239,
            -2.0
        ],
        [
            119.7254513650239,
            -2.0
        ],
        [
            120.12336389902575,
            -2.6666666666666665
        ],
        [
            120.52127643302758,
            -3.333333333333333
        ],
        [
            120.91918896702943,
            -4.0
        ]
    ],
    "6": [
        [
            119.62711406130666,
            3.0
        ],
        [
            119.62544788359371,
            2.4444444444444446
        ],
        [
            119.62378170588075,
            1.8888888888888888
        ],
        [
            119.6221155281678,
            1.3333333333333333
        ],
        [
            119.62044935045483,
            0.7777777777777777
        ],
        [
            119.61878317274189,
            0.22222222222222232
        ],
        [
            119.61711699502892,
            -0.3333333333333335
        ],
        [
            119.61545081731597,
            -0.8888888888888893
        ],
        [
            119.61378463960301,
            -1.4444444444444446
        ],
        [
            119.61211846189006,
            -2.0
        ],
        [
            119.61211846189006,
            -2.0
        ],
        [
            119.97885314368537,
            -2.6666666666666665
        ],
        [
            120.34558782548068,
            -3.333333333333333
        ],
        [
            120.71232250727599,
            -4.0
        ]
    ],