{
    "0": [
        [
            121.1705608758426,
            3.0
        ],
        [
            121.19592672202037,
            2.4444444444444446
        ],
        [
            121.22129256819814,
            1.8888888888888888
        ],
        [
            121.24665841437591,
            1.3333333333333333
        ],
        [
            121.27202426055369,
            0.7777777777777777
        ],
        [
            121.29739010673146,
            0.22222222222222232
        ],
        [
            121.32275595290923,
            -0.3333333333333335
        ],
        [
            121.34812179908701,
            -0.8888888888888893
        ],
        [
            121.37348764526477,
            -1.4444444444444446
        ],
        [
            121.39885349144255,
            -2.0
        ],
        [
            121.39885349144255,
            -2.0
        ],
        [
            121.2732545101366,
            -2.6666666666666665
        ],
        [
            121.14765552883065,
            -3.333333333333333
        ],
        [
            121.0220565475247,
            -4.0
        ]
    ],
    "1": [
        [
            121.3725675922857,
            3.0
        ],
        [
            121.33108369655079,
            2.4444444444444446
        ],
        [
            121.28959980081586,
            1.8888888888888888
        ],
        [
            121.24811590508095,
            1.3333333333333333
        ],
        [
            121.20663200934602,
            0.7777777777777777
        ],
        [
            121.16514811361111,
            0.22222222222222232
        ],
        [
            121.12366421787618,
            -0.3333333333333335
        ],
        [
            121.08218032214127,
            -0.8888888888888893
        ],
        [
            121.04069642640634,
            -1.4444444444444446
        ],
        [
            120.99921253067143,
            -2.0
        ],
        [
            120.99921253067143,
            -2.0
        ],
        [
            120.54420664997974,
            -2.6666666666666665
        ],
        [
            120.08920076928804,
            -3.333333333333333
        ],
        [
            119.63419488859635,
            -4.0
        ]
    ],
    "2": [
        [
            120.92176675132774,
            3.0
        ],
        [
            120.86472275932475,
            2.4444444444444446
        ],
        [
            120.80767876732176,
            1.8888888888888888
        ],
        [
            120.75063477531879,
            1.3333333333333333
        ],
        [
            120.6935907833158,
            0.7777777777777777
        ],
        [
            120.63654679131281,
            0.22222222222222232
        ],
        [
            120.57950279930982,
            -0.3333333333333335
        ],
        [
            120.52245880730685,
            -0.8888888888888893
        ],
        [
            120.46541481530386,
            -1.4444444444444446
        ],
        [
            120.40837082330087,
            -2.0
        ],
        [
            120.40837082330087,
            -2.0
        ],
        [
            120.39524303270576,
            -2.6666666666666665
        ],
        [
            120.38211524211066,
            -3.333333333333333
        ],
        [
            120.36898745151555,
            -4.0
        ]
    ],
    "3": [
        [
            120.98991724196252,
            3.0
        ],
        [
            120.74175007854882,
            2.4444444444444446
        ],
        [
            120.49358291513512,
            1.8888888888888888
        ],
        [
            120.24541575172142,
            1.3333333333333333
        ],
        [
            119.99724858830773,
            0.7777777777777777
        ],
        [
            119.74908142489403,
            0.22222222222222232
        ],
        [
            119.50091426148033,
            -0.3333333333333335
        ],
        [
            119.25274709806664,
            -0.8888888888888893
        ],
        [
            119.00457993465294,
            -1.4444444444444446
        ],
        [
            118.75641277123924,
            -2.0
        ],
        [
            118.75641277123924,
            -2.0
        ],
        [
            119.03671486389023,
            -2.6666666666666665
        ],
        [
            119.3170169565412,
            -3.333333333333333
        ],
        [
            119.59731904919218,
            -4.0
        ]
    ],
    "4": [
        [
            119.94807958557581,
            3.0
        ],
        [
            119.98251196980229,
            2.4444444444444446
        ],
        [
            120.01694435402877,
            1.8888888888888888
        ],
        [
            120.05137673825524,
            1.3333333333333333
        ],
        [
            120.08580912248172,
            0.7777777777777777
        ],
        [
            120.12024150670821,
            0.22222222222222232
        ],
        [
            120.15467389093469,
            -0.3333333333333335
        ],
        [
            120.18910627516117,
            -0.8888888888888893
        ],
        [
            120.22353865938764,
            -1.4444444444444446
        ],
        [
            120.25797104361412,
            -2.0
        ],
        [
            120.25797104361412,
            -2.0
        ],
        [
            120.01605451778934,
            -2.6666666666666665
        ],
        [
            119.77413799196457,
            -3.333333333333333
        ],
        [
            119.53222146613979,
            -4.0
        ]
    ]
}