{
    "0": [
        [
            118.69260543947112,
            3.0
        ],
        [
            118.81747253044888,
            2.4444444444444446
        ],
        [
            118.94233962142665,
            1.8888888888888888
        ],
        [
            119.06720671240441,
            1.3333333333333333
        ],
        [
            119.19207380338219,
            0.7777777777777777
        ],
        [
            119.31694089435994,
            0.22222222222222232
        ],
        [
            119.44180798533772,
            -0.3333333333333335
        ],
        [
            119.56667507631548,
            -0.8888888888888893
        ],
        [
            119.69154216729325,
            -1.4444444444444446
        ],
        [
            119.81640925827101,
            -2.0
        ],
        [
            119.81640925827101,
            -2.0
        ],
        [
            119.5664491541277,
            -2.6666666666666665
        ],
        [
            119.31648904998437,
            -3.333333333333333
        ],
        [
            119.06652894584106,
            -4.0
        ]
    ],
    "1": [
        [
            119.77120421562051,
            3.0
        ],
        [
            119.78797187911461,
            2.4444444444444446
        ],
        [
            119.80473954260869,
            1.8888888888888888
        ],
        [
            119.82150720610278,
            1.3333333333333333
        ],
        [
            119.83827486959686,
            0.7777777777777777
        ],
        [
            119.85504253309095,
            0.22222222222222232
        ],
        [
            119.87181019658503,
            -0.3333333333333335
        ],
        [
            119.88857786007912,
            -0.8888888888888893
        ],
        [
            119.9053455235732,
            -1.4444444444444446
        ],
        [
            119.9221131870673,
            -2.0
        ],
        [
            119.9221131870673,
            -2.0
        ],
        [
            119.67763086538217,
            -2.6666666666666665
        ],
        [
            119.43314854369704,
            -3.333333333333333
        ],
        [
            119.18866622201192,
            -4.0
        ]
    ],
    "2": [
        [
            119.47654669443394,
            3.0
        ],
        [
            119.44646870851685,
            2.4444444444444446
        ],
        [
            119.41639072259976,
            1.8888888888888888
        ],
        [
            119.38631273668268,
            1.3333333333333333
        ],
        [
            119.3562347507656,
            0.7777777777777777
        ],
        [
            119.3261567648485,
            0.22222222222222232
        ],
        [
            119.29607877893142,
            -0.3333333333333335
        ],
        [
            119.26600079301434,
            -0.8888888888888893
        ],
        [
            119.23592280709725,
            -1.4444444444444446
        ],
        [
            119.20584482118016,
            -2.0
        ],
        [
            119.20584482118016,
            -2.0
        ],
        [
            119.2172916789381,
            -2.6666666666666665
        ],
        [
            119.22873853669601,
            -3.333333333333333
        ],
        [
            119.24018539445395,
            -4.0
        ]
    ],
    "3": [
        [
            119.4426715197351,
            3.0
        ],
        [
            119.42734650825538,
            2.4444444444444446
        ],
        [
            119.41202149677568,
            1.8888888888888888
        ],
        [
            119.39669648529596,
            1.3333333333333333
        ],
        [
            119.38137147381626,
            0.7777777777777777
        ],
        [
            119.36604646233654,
            0.22222222222222232
        ],
        [
            119.35072145085684,
            -0.3333333333333335
        ],
        [
            119.33539643937712,
            -0.8888888888888893
        ],
        [
            119.32007142789742,
            -1.4444444444444446
        ],
        [
            119.3047464164177,
            -2.0
        ],
        [
            119.3047464164177,
            -2.0
        ],
        [
            119.62546727752388,
            -2.6666666666666665
        ],
        [
            119.94618813863006,
            -3.333333333333333
        ],
        [
            120.26690899973624,
            -4.0
        ]
    ],
    "4": [
        [
            120.27364823214353,
            3.0
        ],
        [
            120.179787565388,
            2.4444444444444446
        ],
        [
            120.08592689863247,
            1.8888888888888888
        ],
        [
            119.99206623187695,
            1.3333333333333333
        ],
        [
            119.89820556512142,
            0.7777777777777777
        ],
        [
            119.80434489836588,
            0.22222222222222232
        ],
        [
            119.71048423161035,
            -0.3333333333333335
        ],
        [
            119.61662356485483,
            -0.8888888888888893
        ],
        [
            119.5227628980993,
            -1.4444444444444446
        ],
        [
            119.42890223134377,
            -2.0
        ],
        [
            119.42890223134377,
            -2.0
        ],
        [
            119.3009058079041,
            -2.6666666666666665
        ],
        [
            119.17290938446442,
            -3.333333333333333
        ],
        [
            119.04491296102475,
            -4.0
        ]
    ],
    "5": [
        [
            119.42070711799542,
            3.0
        ],
        [
            119.39965622350168,
            2.4444444444444446
        ],
        [
            119.37860532900793,
            1.8888888888888888
        ],
        [
            119.35755443451419,
            1.3333333333333333
        ],
        [
            119.33650354002044,
            0.7777777777777777
        ],
        [
            119.31545264552669,
            0.22222222222222232
        ],
        [
            119.29440175103295,
            -0.3333333333333335
        ],
        [
            119.27335085653921,
            -0.8888888888888893
        ],
        [
            119.25229996204546,
            -1.4444444444444446
        ],
        [
            119.23124906755172,
            -2.0
        ],
        [
            119.23124906755172,
            -2.0
        ],
        [
            119.38532472840451,
            -2.6666666666666665
        ],
        [
            119.5394003892573,
            -3.333333333333333
        ],
        [
            119.69347605011009,
            -4.0
        ]
    ],
    "6": [
        [
            119.66358017833706,
            3.0
        ],
        [
            119.59718074156605,
            2.4444444444444446
        ],
        [
            119.53078130479504,
            1.8888888888888888
        ],
        [
            119.46438186802405,
            1.3333333333333333
        ],
        [
            119.39798243125304,
            0.7777777777777777
        ],
        [
            119.33158299448203,
            0.22222222222222232
        ],
        [
            119.26518355771103,
            -0.3333333333333335
        ],
        [
            119.19878412094003,
            -0.8888888888888893
        ],
        [
            119.13238468416903,
            -1.4444444444444446
        ],
        [
            119.06598524739802,
            -2.0
        ],
        [
            119.06598524739802,
            -2.0
        ],
        [
            119.48697057900851,
            -2.6666666666666665
        ],
        [
            119.907955910619,
            -3.333333333333333
        ],
        [
            120.32894124222949,
            -4.0
        ]
    ],