{
    "0": [
        [
            121.0407609995413,
            3.0
        ],
        [
            120.6184062393337,
            2.1666666666666665
        ],
        [
            120.19605147912608,
            1.3333333333333333
        ],
        [
            119.77369671891847,
            0.5
        ],
        [
            119.35134195871088,
            -0.3333333333333335
        ],
        [
            118.92898719850326,
            -1.166666666666667
        ],
        [
            118.50663243829565,
            -2.0
        ],
        [
            118.99907986483431,
            -2.8333333333333335
        ],
        [
            119.49152729137298,
            -3.666666666666667
        ],
        [
            119.98397471791164,
            -4.5
        ]
    ],
    "1": [
        [
            118.49542647702272,
            3.0
        ],
        [
            118.45559639366058,
            2.1666666666666665
        ],
        [
            118.41576631029847,
            1.3333333333333333
        ],
        [
            118.37593622693633,
            0.5
        ],
        [
            118.3361061435742,
            -0.3333333333333335
        ],
        [
            118.29627606021208,
            -1.166666666666667
        ],
        [
            118.25644597684995,
            -2.0
        ],
        [
            118.9393640470623,
            -2.8333333333333335
        ],
        [
            119.62228211727465,
            -3.666666666666667
        ],
        [
            120.305200187487,
            -4.5
        ]
    ],
    "2": [
        [
            120.131445595935,
            3.0
        ],
        [
            120.19677456073418,
            2.1666666666666665
        ],
        [
            120.26210352553336,
            1.3333333333333333
        ],
        [
            120.32743249033254,
            0.5
        ],
        [
            120.39276145513173,
            -0.3333333333333335
        ],
        [
            120.45809041993091,
            -1.166666666666667
        ],
        [
            120.52341938473009,
            -2.0
        ],
        [
            120.69888884417851,
            -2.8333333333333335
        ],
        [
            120.87435830362692,
            -3.666666666666667
        ],
        [
            121.04982776307534,
            -4.5
        ]
    ],
    "3": [
        [
            118.08889238716911,
            3.0
        ],
        [
            118.18067050986082,
            2.1666666666666665
        ],
        [
            118.27244863255251,
            1.3333333333333333
        ],
        [
            118.3642267552442,
            0.5
        ],
        [
            118.45600487793591,
            -0.3333333333333335
        ],
        [
            118.54778300062762,
            -1.166666666666667
        ],
        [
            118.63956112331931,
            -2.0
        ],
        [
            118.62053729815577,
            -2.8333333333333335
        ],
        [
            118.60151347299224,
            -3.666666666666667
        ],
        [
            118.5824896478287,
            -4.5
        ]
    ],
    "4": [
        [
            120.12370591935756,
            3.0
        ],
        [
            120.2948263098399,
            2.1666666666666665
        ],
        [
            120.46594670032225,
            1.3333333333333333
        ],
        [
            120.63706709080458,
            0.5
        ],
        [
            120.80818748128692,
            -0.3333333333333335
        ],
        [
            120.97930787176927,
            -1.166666666666667
        ],
        [
            121.15042826225161,
            -2.0
        ],
        [
            121.04743766380923,
            -2.8333333333333335
        ],
        [
            120.94444706536686,
            -3.666666666666667
        ],
        [
            120.84145646692448,
            -4.5
        ]
    ],
    "5": [
        [
            119.6785702021654,
            3.0
        ],
        [
            119.66306393380484,
            2.1666666666666665
        ],
        [
            119.64755766544427,
            1.3333333333333333
        ],
        [
            119.6320513970837,
            0.5
        ],
        [
            119.61654512872315,
            -0.3333333333333335
        ],
        [
            119.60103886036258,
            -1.166666666666667
        ],
        [
            119.58553259200201,
            -2.0
        ],
        [
            119.56459402233283,
            -2.8333333333333335
        ],
        [
            119.54365545266366,
            -3.666666666666667
        ],
        [
            119.52271688299447,
            -4.5
        ]
    ],
    "6": [
        [
            118.39432022149185,
            3.0
        ],
        [
            118.40746193181178,
            2.1666666666666665
        ],
        [
            118.4206036421317,
            1.3333333333333333
        ],
        [
            118.43374535245161,
            0.5
        ],
        [
            118.44688706277154,
            -0.3333333333333335
        ],
        [
            118.46002877309147,
            -1.166666666666667
        ],
        [
            118.47317048341138,
            -2.0
        ],
        [
            119.17313669399478,
            -2.8333333333333335
        ],
        [
            119.87310290457816,
            -3.666666666666667
        ],
        [
            120.57306911516156,
            -4.5
        ]
    ],
    "7": [
        [
            120.83675692042455,
            3.0
        ],
        [
            120.84166106092644,
            2.1666666666666665
        ],
        [
            120.84656520142833,
            1.3333333333333333
        ],
        [
            120.85146934193023,
            0.5
        ],
        [
            120.85637348243213,
            -0.3333333333333335
        ],
        [
            120.86127762293403,
            -1.166666666666667
        ],
        [
            120.86618176343592,
            -2.0
        ],
        [
            119.98779425690634,
            -2.8333333333333335
        ],
        [
            119.10940675037678,
            -3.666666666666667
        ],
        [
            118.2310192438472,
            -4.5
        ]
    ],
    "8": [
        [
            119.36468379983413,
            3.0
        ],
        [
            119.76440221281591,
            2.1666666666666665
        ],
        [
            120.16412062579768,
            1.3333333333333333
        ],
        [
            120.56383903877946,
            0.5
        ],
        [
            120.96355745176125,
            -0.3333333333333335
        ],
        [
            121.36327586474302,
            -1.166666666666667
        ],
        [
            121.7629942777248,
            -2.0
        ],
        [
            121.80730591675557,
            -2.8333333333333335
        ],
        [
            121.85161755578633,
            -3.666666666666667
        ],
        [
            121.8959291948171,
            -4.5
        ]
    ],
    "9": [
        [
            120.97360934084969,
            3.0
        ],
        [
            120.51843223965143,
            2.1666666666666665
        ],
        [
            120.06325513845317,
            1.3333333333333333
        ],
        [
            119.60807803725491,
            0.5
        ],
        [
            119.15290093605665,
            -0.3333333333333335
        ],
        [
            118.6977238348584,
            -1.166666666666667
        ],
        [
            118.24254673366013,
            -2.0
        ],
        [
            118.77041029850622,
            -2.8333333333333335
        ],
        [
            119.2982738633523,
            -3.666666666666667
        ],
        [
            119.8261374281984,
            -4.5
        ]
    ]
}