{
    "0": [
        [
            118.13264577963571,
            3.0
        ],
        [
            118.69104578477065,
            2.1666666666666665
        ],
        [
            119.2494457899056,
            1.3333333333333333
        ],
        [
            119.80784579504055,
            0.5
        ],
        [
            120.36624580017549,
            -0.3333333333333335
        ],
        [
            120.92464580531043,
            -1.166666666666667
        ],
        [
            121.48304581044538,
            -2.0
        ],
        [
            121.21074059094855,
            -2.8333333333333335
        ],
        [
            120.93843537145173,
            -3.666666666666667
        ],
        [
            120.6661301519549,
            -4.5
        ]
    ],
    "1": [
        [
            120.23045657735794,
            3.0
        ],
        [
            120.29110852484143,
            2.1666666666666665
        ],
        [
            120.35176047232493,
            1.3333333333333333
        ],
        [
            120.41241241980842,
            0.5
        ],
        [
            120.47306436729193,
            -0.3333333333333335
        ],
        [
            120.53371631477542,
            -1.166666666666667
        ],
        [
            120.59436826225891,
            -2.0
        ],
        [
            120.52229630680309,
            -2.8333333333333335
        ],
        [
            120.45022435134725,
            -3.666666666666667
        ],
        [
            120.37815239589142,
            -4.5
        ]
    ],
    "2": [
        [
            119.07751415992526,
            3.0
        ],
        [
            119.5230032024851,
            2.1666666666666665
        ],
        [
            119.96849224504493,
            1.3333333333333333
        ],
        [
            120.41398128760477,
            0.5
        ],
        [
            120.85947033016461,
            -0.3333333333333335
        ],
        [
            121.30495937272444,
            -1.166666666666667
        ],
        [
            121.75044841528428,
            -2.0
        ],
        [
            121.10678329338282,
            -2.8333333333333335
        ],
        [
            120.46311817148137,
            -3.666666666666667
        ],
        [
            119.8194530495799,
            -4.5
        ]
    ],
    "3": [
        [
            119.53002727009321,
            3.0
        ],
        [
            119.30727267575821,
            2.1666666666666665
        ],
        [
            119.0845180814232,
            1.3333333333333333
        ],
        [
            118.8617634870882,
            0.5
        ],
        [
            118.6390088927532,
            -0.3333333333333335
        ],
        [
            118.41625429841818,
            -1.166666666666667
        ],
        [
            118.19349970408318,
            -2.0
        ],
        [
            118.60990489221491,
            -2.8333333333333335
        ],
        [
            119.02631008034666,
            -3.666666666666667
        ],
        [
            119.4427152684784,
            -4.5
        ]
    ],
    "4": [
        [
            119.98148130787787,
            3.0
        ],
        [
            120.0793051586649,
            2.1666666666666665
        ],
        [
            120.17712900945193,
            1.3333333333333333
        ],
        [
            120.27495286023895,
            0.5
        ],
        [
            120.37277671102598,
            -0.3333333333333335
        ],
        [
            120.47060056181301,
            -1.166666666666667
        ],
        [
            120.56842441260004,
            -2.0
        ],
        [
            120.66975338466558,
            -2.8333333333333335
        ],
        [
            120.77108235673113,
            -3.666666666666667
        ],
        [
            120.87241132879667,
            -4.5
        ]
    ],
    "5": [
        [
            121.24699368316679,
            3.0
        ],
        [
            121.27593502501867,
            2.1666666666666665
        ],
        [
            121.30487636687053,
            1.3333333333333333
        ],
        [
            121.33381770872239,
            0.5
        ],
        [
            121.36275905057427,
            -0.3333333333333335
        ],
        [
            121.39170039242615,
            -1.166666666666667
        ],
        [
            121.42064173427801,
            -2.0
        ],
        [
            120.50764538966281,
            -2.8333333333333335
        ],
        [
            119.59464904504763,
            -3.666666666666667
        ],
        [
            118.68165270043244,
            -4.5
        ]
    ],
    "6": [
        [
            119.37542871135138,
            3.0
        ],
        [
            119.5784448594473,
            2.1666666666666665
        ],
        [
            119.78146100754323,
            1.3333333333333333
        ],
        [
            119.98447715563915,
            0.5
        ],
        [
            120.1874933037351,
            -0.3333333333333335
        ],
        [
            120.39050945183102,
            -1.166666666666667
        ],
        [
            120.59352559992695,
            -2.0
        ],
        [
            120.62986293223057,
            -2.8333333333333335
        ],
        [
            120.66620026453418,
            -3.666666666666667
        ],
        [
            120.7025375968378,
            -4.5
        ]
    ],
    "7": [
        [
            120.1983731297105,
            3.0
        ],
        [
            120.43170487402348,
            2.1666666666666665
        ],
        [
            120.66503661833647,
            1.3333333333333333
        ],
        [
            120.89836836264945,
            0.5
        ],
        [
            121.13170010696243,
            -0.3333333333333335
        ],
        [
            121.36503185127542,
            -1.166666666666667
        ],
        [
            121.5983635955884,
            -2.0
        ],
        [
            120.55112110639038,
            -2.8333333333333335
        ],
        [
            119.50387861719238,
            -3.666666666666667
        ],
        [
            118.45663612799437,
            -4.5
        ]
    ],
    "8": [
        [
            119.38980961835111,
            3.0
        ],
        [
            119.39135811598607,
            2.1666666666666665
        ],
        [
            119.39290661362101,
            1.3333333333333333
        ],
        [
            119.39445511125595,
            0.5
        ],
        [
            119.39600360889091,
            -0.3333333333333335
        ],
        [
            119.39755210652586,
            -1.166666666666667
        ],
        [
            119.39910060416081,
            -2.0
        ],
        [
            118.99093936273988,
            -2.8333333333333335
        ],
        [
            118.58277812131897,
            -3.666666666666667
        ],
        [
            118.17461687989804,
            -4.5
        ]
    ],
    "9": [
        [
            121.2673379476544,
            3.0
        ],
        [
            121.1920579877379,
            2.1666666666666665
        ],
        [
            121.1167780278214,
            1.3333333333333333
        ],
        [
            121.04149806790488,
            0.5
        ],
        [
            120.96621810798838,
            -0.3333333333333335
        ],
        [
            120.89093814807188,
            -1.166666666666667
        ],
        [
            120.81565818815538,
            -2.0
        ],
        [
            120.66792831992174,
            -2.8333333333333335
        ],
        [
            120.52019845168809,
            -3.666666666666667
        ],
        [
            120.37246858345445,
            -4.5
        ]
    ]
}