{
    "0": [
        [
            119.05977733459859,
            3.0
        ],
        [
            119.3300236809734,
            2.1666666666666665
        ],
        [
            119.60027002734822,
            1.3333333333333333
        ],
        [
            119.87051637372304,
            0.5
        ],
        [
            120.14076272009784,
            -0.3333333333333335
        ],
        [
            120.41100906647264,
            -1.166666666666667
        ],
        [
            120.68125541284746,
            -2.0
        ],
        [
            119.87709915566421,
            -2.8333333333333335
        ],
        [
            119.07294289848096,
            -3.666666666666667
        ],
        [
            118.26878664129771,
            -4.5
        ]
    ],
    "1": [
        [
            121.91739151199843,
            3.0
        ],
        [
            121.35102554826665,
            2.1666666666666665
        ],
        [
            120.78465958453486,
            1.3333333333333333
        ],
        [
            120.21829362080308,
            0.5
        ],
        [
            119.65192765707128,
            -0.3333333333333335
        ],
        [
            119.0855616933395,
            -1.166666666666667
        ],
        [
            118.51919572960772,
            -2.0
        ],
        [
            119.40453160155958,
            -2.8333333333333335
        ],
        [
            120.28986747351146,
            -3.666666666666667
        ],
        [
            121.17520334546333,
            -4.5
        ]
    ],
    "2": [
        [
            118.722218841055,
            3.0
        ],
        [
            118.80465407738748,
            2.1666666666666665
        ],
        [
            118.88708931371998,
            1.3333333333333333
        ],
        [
            118.96952455005248,
            0.5
        ],
        [
            119.05195978638497,
            -0.3333333333333335
        ],
        [
            119.13439502271746,
            -1.166666666666667
        ],
        [
            119.21683025904996,
            -2.0
        ],
        [
            119.25574138580593,
            -2.8333333333333335
        ],
        [
            119.2946525125619,
            -3.666666666666667
        ],
        [
            119.33356363931787,
            -4.5
        ]
    ],
    "3": [
        [
            119.8664243127171,
            3.0
        ],
        [
            119.75284475652938,
            2.1666666666666665
        ],
        [
            119.63926520034167,
            1.3333333333333333
        ],
        [
            119.52568564415395,
            0.5
        ],
        [
            119.41210608796624,
            -0.3333333333333335
        ],
        [
            119.29852653177852,
            -1.166666666666667
        ],
        [
            119.1849469755908,
            -2.0
        ],
        [
            119.24539189059448,
            -2.8333333333333335
        ],
        [
            119.30583680559815,
            -3.666666666666667
        ],
        [
            119.36628172060182,
            -4.5
        ]
    ],
    "4": [
        [
            118.92495817618585,
            3.0
        ],
        [
            118.78094652456224,
            2.1666666666666665
        ],
        [
            118.63693487293862,
            1.3333333333333333
        ],
        [
            118.49292322131501,
            0.5
        ],
        [
            118.34891156969138,
            -0.3333333333333335
        ],
        [
            118.20489991806777,
            -1.166666666666667
        ],
        [
            118.06088826644415,
            -2.0
        ],
        [
            118.9206448055148,
            -2.8333333333333335
        ],
        [
            119.78040134458543,
            -3.666666666666667
        ],
        [
            120.64015788365607,
            -4.5
        ]
    ],
    "5": [
        [
            121.54719313864655,
            3.0
        ],
        [
            121.19693487705976,
            2.1666666666666665
        ],
        [
            120.84667661547297,
            1.3333333333333333
        ],
        [
            120.49641835388618,
            0.5
        ],
        [
            120.14616009229938,
            -0.3333333333333335
        ],
        [
            119.7959018307126,
            -1.166666666666667
        ],
        [
            119.4456435691258,
            -2.0
        ],
        [
            119.83326444171009,
            -2.8333333333333335
        ],
        [
            120.22088531429435,
            -3.666666666666667
        ],
        [
            120.60850618687863,
            -4.5
        ]
    ],
    "6": [
        [
            118.10087332480337,
            3.0
        ],
        [
            118.45141525237322,
            2.1666666666666665
        ],
        [
            118.80195717994307,
            1.3333333333333333
        ],
        [
            119.15249910751294,
            0.5
        ],
        [
            119.50304103508279,
            -0.3333333333333335
        ],
        [
            119.85358296265264,
            -1.166666666666667
        ],
        [
            120.20412489022249,
            -2.0
        ],
        [
            119.8041565625135,
            -2.8333333333333335
        ],
        [
            119.4041882348045,
            -3.666666666666667
        ],
        [
            119.0042199070955,
            -4.5
        ]
    ],
    "7": [
        [
            121.57034364729908,
            3.0
        ],
        [
            121.5497334297427,
            2.1666666666666665
        ],
        [
            121.52912321218632,
            1.3333333333333333
        ],
        [
            121.50851299462994,
            0.5
        ],
        [
            121.48790277707356,
            -0.3333333333333335
        ],
        [
            121.46729255951718,
            -1.166666666666667
        ],
        [
            121.4466823419608,
            -2.0
        ],
        [
            121.55689664280021,
            -2.8333333333333335
        ],
        [
            121.66711094363961,
            -3.666666666666667
        ],
        [
            121.77732524447903,
            -4.5
        ]
    ],
    "8": [
        [
            118.0288316171618,
            3.0
        ],
        [
            118.15582818311442,
            2.1666666666666665
        ],
        [
            118.28282474906705,
            1.3333333333333333
        ],
        [
            118.40982131501968,
            0.5
        ],
        [
            118.53681788097231,
            -0.3333333333333335
        ],
        [
            118.66381444692493,
            -1.166666666666667
        ],
        [
            118.79081101287755,
            -2.0
        ],
        [
            119.33041583557481,
            -2.8333333333333335
        ],
        [
            119.87002065827207,
            -3.666666666666667
        ],
        [
            120.40962548096932,
            -4.5
        ]
    ],
    "9": [
        [
            121.05020988958502,
            3.0
        ],
        [
            120.61059570939621,
            2.1666666666666665
        ],
        [
            120.17098152920738,
            1.3333333333333333
        ],
        [
            119.73136734901857,
            0.5
        ],
        [
            119.29175316882976,
            -0.3333333333333335
        ],
        [
            118.85213898864093,
            -1.166666666666667
        ],
        [
            118.41252480845212,
            -2.0
        ],
        [
            118.61096110179649,
            -2.8333333333333335
        ],
        [
            118.80939739514086,
            -3.666666666666667
        ],
        [
            119.00783368848523,
            -4.5
        ]
    ]
}